{
	"AlgoMap255BrLevel": {
		"sectionone": [0.006667,1.993],
		"sectiontwo": [0.05034,-194.6],
		"sectionthree": [0.01175943555,69.47138537],
		"sectionkeypoint": [4501,6848]
	},
	"LcmMapAlgoBrLevel": [
		[1,1],
		[2,76],
		[3,226],
		[4,376],
		[5,526],
		[6,676],
		[7,826],
		[8,976],
		[9,1125],
		[10,1275],
		[11,1425],
		[12,1575],
		[13,1725],
		[14,1875],
		[15,2025],
		[16,2175],
		[17,2325],
		[18,2475],
		[19,2625],
		[20,2775],
		[21,2925],
		[22,3075],
		[23,3225],
		[24,3375],
		[25,3525],
		[26,3675],
		[27,3825],
		[28,3975],
		[29,4125],
		[30,4275],
		[31,4425],
		[32,4511],
		[33,4531],
		[34,4551],
		[35,4570],
		[36,4590],
		[37,4610],
		[38,4630],
		[39,4650],
		[40,4670],
		[41,4690],
		[42,4710],
		[43,4729],
		[44,4749],
		[45,4769],
		[46,4789],
		[47,4809],
		[48,4829],
		[49,4849],
		[50,4868],
		[51,4888],
		[52,4908],
		[53,4928],
		[54,4948],
		[55,4968],
		[56,4988],
		[57,5008],
		[58,5027],
		[59,5047],
		[60,5067],
		[61,5087],
		[62,5107],
		[63,5127],
		[64,5147],
		[65,5166],
		[66,5186],
		[67,5206],
		[68,5226],
		[69,5246],
		[70,5266],
		[71,5286],
		[72,5305],
		[73,5325],
		[74,5345],
		[75,5365],
		[76,5385],
		[77,5405],
		[78,5425],
		[79,5445],
		[80,5464],
		[81,5484],
		[82,5504],
		[83,5524],
		[84,5544],
		[85,5564],
		[86,5584],
		[87,5603],
		[88,5623],
		[89,5643],
		[90,5663],
		[91,5683],
		[92,5703],
		[93,5723],
		[94,5743],
		[95,5762],
		[96,5782],
		[97,5802],
		[98,5822],
		[99,5842],
		[100,5862],
		[101,5882],
		[102,5901],
		[103,5921],
		[104,5941],
		[105,5961],
		[106,5981],
		[107,6001],
		[108,6021],
		[109,6040],
		[110,6060],
		[111,6080],
		[112,6100],
		[113,6120],
		[114,6140],
		[115,6160],
		[116,6180],
		[117,6199],
		[118,6219],
		[119,6239],
		[120,6259],
		[121,6279],
		[122,6299],
		[123,6319],
		[124,6338],
		[125,6358],
		[126,6378],
		[127,6398],
		[128,6418],
		[129,6438],
		[130,6458],
		[131,6478],
		[132,6497],
		[133,6517],
		[134,6537],
		[135,6557],
		[136,6577],
		[137,6597],
		[138,6617],
		[139,6636],
		[140,6656],
		[141,6676],
		[142,6696],
		[143,6716],
		[144,6736],
		[145,6756],
		[146,6775],
		[147,6795],
		[148,6815],
		[149,6835],
		[150,6889],
		[151,6976],
		[152,7061],
		[153,7146],
		[154,7231],
		[155,7316],
		[156,7401],
		[157,7486],
		[158,7571],
		[159,7656],
		[160,7741],
		[161,7826],
		[162,7911],
		[163,7996],
		[164,8081],
		[165,8166],
		[166,8251],
		[167,8336],
		[168,8421],
		[169,8506],
		[170,8591],
		[171,8676],
		[172,8761],
		[173,8846],
		[174,8931],
		[175,9016],
		[176,9101],
		[177,9187],
		[178,9272],
		[179,9357],
		[180,9442],
		[181,9527],
		[182,9612],
		[183,9697],
		[184,9782],
		[185,9867],
		[186,9952],
		[187,10037],
		[188,10122],
		[189,10207],
		[190,10292],
		[191,10377],
		[192,10462],
		[193,10547],
		[194,10632],
		[195,10717],
		[196,10802],
		[197,10887],
		[198,10972],
		[199,11057],
		[200,11142],
		[201,11227],
		[202,11312],
		[203,11398],
		[204,11483],
		[205,11568],
		[206,11653],
		[207,11738],
		[208,11823],
		[209,11908],
		[210,11993],
		[211,12078],
		[212,12163],
		[213,12248],
		[214,12333],
		[215,12418],
		[216,12503],
		[217,12588],
		[218,12673],
		[219,12758],
		[220,12843],
		[221,12928],
		[222,13013],
		[223,13098],
		[224,13183],
		[225,13268],
		[226,13353],
		[227,13438],
		[228,13523],
		[229,13609],
		[230,13694],
		[231,13779],
		[232,13864],
		[233,13949],
		[234,14034],
		[235,14119],
		[236,14204],
		[237,14289],
		[238,14374],
		[239,14459],
		[240,14544],
		[241,14629],
		[242,14714],
		[243,14799],
		[244,14884],
		[245,14969],
		[246,15054],
		[247,15139],
		[248,15224],
		[249,15309],
		[250,15394],
		[251,15479],
		[252,15564],
		[253,15649],
		[254,15734],
		[255,15777]
	]
}
