{
	"AlgoMap255BrLevel": {
		"sectionone": [0.006667,1.993],
		"sectiontwo": [0.05034,-194.6],
		"sectionthree": [0.01401682018,54.01281538],
		"sectionkeypoint": [4501,6848]
	},
	"LcmMapAlgoBrLevel": [
		[1,1],
		[2,76],
		[3,226],
		[4,376],
		[5,526],
		[6,676],
		[7,826],
		[8,976],
		[9,1125],
		[10,1275],
		[11,1425],
		[12,1575],
		[13,1725],
		[14,1875],
		[15,2025],
		[16,2175],
		[17,2325],
		[18,2475],
		[19,2625],
		[20,2775],
		[21,2925],
		[22,3075],
		[23,3225],
		[24,3375],
		[25,3525],
		[26,3675],
		[27,3825],
		[28,3975],
		[29,4125],
		[30,4275],
		[31,4425],
		[32,4511],
		[33,4531],
		[34,4551],
		[35,4570],
		[36,4590],
		[37,4610],
		[38,4630],
		[39,4650],
		[40,4670],
		[41,4690],
		[42,4710],
		[43,4729],
		[44,4749],
		[45,4769],
		[46,4789],
		[47,4809],
		[48,4829],
		[49,4849],
		[50,4868],
		[51,4888],
		[52,4908],
		[53,4928],
		[54,4948],
		[55,4968],
		[56,4988],
		[57,5008],
		[58,5027],
		[59,5047],
		[60,5067],
		[61,5087],
		[62,5107],
		[63,5127],
		[64,5147],
		[65,5166],
		[66,5186],
		[67,5206],
		[68,5226],
		[69,5246],
		[70,5266],
		[71,5286],
		[72,5305],
		[73,5325],
		[74,5345],
		[75,5365],
		[76,5385],
		[77,5405],
		[78,5425],
		[79,5445],
		[80,5464],
		[81,5484],
		[82,5504],
		[83,5524],
		[84,5544],
		[85,5564],
		[86,5584],
		[87,5603],
		[88,5623],
		[89,5643],
		[90,5663],
		[91,5683],
		[92,5703],
		[93,5723],
		[94,5743],
		[95,5762],
		[96,5782],
		[97,5802],
		[98,5822],
		[99,5842],
		[100,5862],
		[101,5882],
		[102,5901],
		[103,5921],
		[104,5941],
		[105,5961],
		[106,5981],
		[107,6001],
		[108,6021],
		[109,6040],
		[110,6060],
		[111,6080],
		[112,6100],
		[113,6120],
		[114,6140],
		[115,6160],
		[116,6180],
		[117,6199],
		[118,6219],
		[119,6239],
		[120,6259],
		[121,6279],
		[122,6299],
		[123,6319],
		[124,6338],
		[125,6358],
		[126,6378],
		[127,6398],
		[128,6418],
		[129,6438],
		[130,6458],
		[131,6478],
		[132,6497],
		[133,6517],
		[134,6537],
		[135,6557],
		[136,6577],
		[137,6597],
		[138,6617],
		[139,6636],
		[140,6656],
		[141,6676],
		[142,6696],
		[143,6716],
		[144,6736],
		[145,6756],
		[146,6775],
		[147,6795],
		[148,6815],
		[149,6835],
		[150,6882],
		[151,6955],
		[152,7026],
		[153,7098],
		[154,7169],
		[155,7240],
		[156,7312],
		[157,7383],
		[158,7454],
		[159,7526],
		[160,7597],
		[161,7668],
		[162,7740],
		[163,7811],
		[164,7882],
		[165,7954],
		[166,8025],
		[167,8096],
		[168,8168],
		[169,8239],
		[170,8310],
		[171,8382],
		[172,8453],
		[173,8524],
		[174,8596],
		[175,8667],
		[176,8738],
		[177,8810],
		[178,8881],
		[179,8952],
		[180,9024],
		[181,9095],
		[182,9166],
		[183,9238],
		[184,9309],
		[185,9380],
		[186,9452],
		[187,9523],
		[188,9595],
		[189,9666],
		[190,9737],
		[191,9809],
		[192,9880],
		[193,9951],
		[194,10023],
		[195,10094],
		[196,10165],
		[197,10237],
		[198,10308],
		[199,10379],
		[200,10451],
		[201,10522],
		[202,10593],
		[203,10665],
		[204,10736],
		[205,10807],
		[206,10879],
		[207,10950],
		[208,11021],
		[209,11093],
		[210,11164],
		[211,11235],
		[212,11307],
		[213,11378],
		[214,11449],
		[215,11521],
		[216,11592],
		[217,11663],
		[218,11735],
		[219,11806],
		[220,11877],
		[221,11949],
		[222,12020],
		[223,12092],
		[224,12163],
		[225,12234],
		[226,12306],
		[227,12377],
		[228,12448],
		[229,12520],
		[230,12591],
		[231,12662],
		[232,12734],
		[233,12805],
		[234,12876],
		[235,12948],
		[236,13019],
		[237,13090],
		[238,13162],
		[239,13233],
		[240,13304],
		[241,13376],
		[242,13447],
		[243,13518],
		[244,13590],
		[245,13661],
		[246,13732],
		[247,13804],
		[248,13875],
		[249,13946],
		[250,14018],
		[251,14089],
		[252,14160],
		[253,14232],
		[254,14303],
		[255,14339]
	]
}
