{
	"ramperbrightness": {
		"sectiondown": [
			[-1.046085642,4450.968705],
			[-1.259368421,5155.015158],
			[-2.140218182,7359.782109],
			[-4.43392,10830.15296],
			[-8.252356204,14602.76793],
			[-9.232718053,15437.05586],
			[-9.916515608,15943.06605],
			[-13.46593846,17774.56825],
			[-19.89847368,20675.64163],
			[-26.4032069,23362.09645],
			[-54.28506667,31643.0088],
			[-53.5,31480.5],
			[-82.25,35821.75],
			[-100.04,38009.92],
			[-113.0333333,39283.26667],
			[-164.1363636,42758.27273],
			[-231.0625,45836.875],
			[-341.5833333,49152.5],
			[-430.4,50751.2]
		],
		"section_downpoint": [3301,2503,1513,988,851,740,516,451,413,297,207,151,123,98,68,46,30,18,8],
		"section_down_min_step": [58,48,29,14,8,7,7,12,8,6,3,3,2,2,2,2,2,2,2],
		"sectiondowngapminone": 20,
		"sectiondowngapmintwo": 80,
		"sectiondownkeybr": 740,
		"downlcmFlickValue": 2,
		"uptotaltime": 2800,
		"uplimmitcount": 25,
		"section_uppoint": [764,2390],
		"quickupstep": [53,158,158],
		"quickupgap": [20,0,0],
		"quickdownstep": [7,23,24,131],
		"quickdowngap": [40,40,30,20],
		"quick_sectionpoint": [1802,998,456,9],
		"pemtotaltime": 10000
	}
}
