{
	"ramperbrightness": {
		"sectiondown": [
			[-0.9646829268,4097.366244],
			[-1.319722543,5238.108532],
			[-2.014988967,6990.875186],
			[-4.51802214,10805.49774],
			[-8.052313043,14276.17141],
			[-9.999009667,15919.18336],
			[-9.904366892,15848.57985],
			[-12.72363934,17292.04734],
			[-19.84294444,20502.85394],
			[-26.34284746,23200.31369],
			[-54.79457778,31650.4776],
			[-55.25,31744.75],
			[-82.25,35821.75],
			[-100,38005],
			[-124.0689655,40339.68966],
			[-177.9545455,44003.90909],
			[-280.875,48738.25],
			[-392.8333333,52097],
			[-440.4,52953.2]
		],
		"section_downpoint": [3213,2521,1524,982,844,746,512,451,415,297,207,151,123,97,68,46,30,18,13],
		"section_down_min_step": [63,46,30,14,8,7,7,12,8,6,3,3,2,2,2,2,2,2,2],
		"sectiondowngapminone": 20,
		"sectiondowngapmintwo": 80,
		"sectiondownkeybr": 746,
		"downlcmFlickValue": 2,
		"uptotaltime": 2800,
		"uplimmitcount": 25,
		"section_uppoint": [748,2326],
		"quickupstep": [52,154,155],
		"quickupgap": [20,0,0],
		"quickdownstep": [7,22,23,126],
		"quickdowngap": [40,40,30,20],
		"quick_sectionpoint": [1756,975,447,14],
		"pemtotaltime": 10000
	}
}
