{
	"ramperbrightness": {
		"sectiondown": [
			[-0.7883389831,3202.353085],
			[-1.24384252,4767.91874],
			[-2.105,6962.148],
			[-4.21344,10209.1456],
			[-6.939710638,12908.15353],
			[-11.06025688,16406.49729],
			[-9.71682807,15412.35997],
			[-13.39013793,17293.09462],
			[-14.56785,17827.7759],
			[-26.85813675,22915.95462],
			[-53.59451685,30856.65951],
			[-57.98245614,31769.35088],
			[-81.85714286,35374.42857],
			[-100.1923077,37629.65385],
			[-124.2068966,39959.06897],
			[-176.9090909,43542.81818],
			[-268.6875,47764.625],
			[-401.0833333,51736.5],
			[-363.5,51060]
		],
		"section_downpoint": [3437,2548,1540,990,849,740,512,454,414,297,208,151,123,97,68,46,30,18,12],
		"section_down_min_step": [77,49,29,15,9,6,7,12,11,6,3,3,2,2,2,2,2,2,2],
		"sectiondowngapminone": 20,
		"sectiondowngapmintwo": 80,
		"sectiondownkeybr": 740,
		"downlcmFlickValue": 2,
		"uptotaltime": 2800,
		"uplimmitcount": 25,
		"section_uppoint": [712,2204],
		"quickupstep": [49,145,150],
		"quickupgap": [20,0,0],
		"quickdownstep": [7,21,22,120],
		"quickdowngap": [40,40,30,20],
		"quick_sectionpoint": [1667,928,427,13],
		"pemtotaltime": 10000
	}
}
