{
	"ramperbrightness": {
		"sectiondown": [
			[-0.8039111111,3147.346489],
			[-1.315413613,4836.327749],
			[-1.983356232,6531.566116],
			[-4.123977654,9783.170056],
			[-7.166829851,12771.25091],
			[-10.36482936,15483.1545],
			[-10.02227489,15230.00674],
			[-14.07832258,17306.70316],
			[-14.42237838,17461.52827],
			[-24.13596552,21473.23976],
			[-40.41444944,26307.94948],
			[-78.62957143,34256.69486],
			[-71.32142857,33145.85714],
			[-92.5,35772],
			[-120,38467],
			[-163.4545455,41421.90909],
			[-231.3125,44543.375],
			[-341.1666667,47839],
			[-450.1666667,49801]
		],
		"section_downpoint": [3302,2538,1519,982,848,739,512,450,413,297,208,152,124,98,68,46,30,18,6],
		"section_down_min_step": [75,46,31,15,9,6,6,11,11,7,4,2,3,2,2,2,2,2,2],
		"sectiondowngapminone": 20,
		"sectiondowngapmintwo": 80,
		"sectiondownkeybr": 739,
		"downlcmFlickValue": 2,
		"uptotaltime": 2800,
		"uplimmitcount": 25,
		"section_uppoint": [678,2111],
		"quickupstep": [48,140,148],
		"quickupgap": [20,0,0],
		"quickdownstep": [6,20,21,116],
		"quickdowngap": [40,40,30,20],
		"quick_sectionpoint": [1595,886,405,6],
		"pemtotaltime": 10000
	}
}
